,subject,task,response_rate,percent_impulse,conf_1,conf_2,conf_3,conf_4,negLL,gamma,kappa,alpha,at_bound,LL,LL0,AIC,BIC,R2,softmax_accuracy,softmax_range,fig_fn
0,p0000,CDD,1.0,0.25,112,0,0,0,17.888952210515637,0.4289103561861256,0.0022,1,1,-17.888952210515637,-77.63248422271387,39.77790442103127,45.21490216362146,0.7695687264213342,0.9375,0.9983861386548534,p0000/cdd/p0000_cdd_gain_model_fit.eps
1,p0001,CDD,1.0,0.2232142857142857,112,0,0,0,17.56549273663064,0.43789274928200533,0.0022,1,1,-17.56549273663064,-77.63248422271387,39.13098547326128,44.56798321585147,0.7737352744472488,0.9285714285714286,0.9985891029476422,p0001/cdd/p0001_cdd_gain_model_fit.eps
2,p0002,CDD,1.0,0.2232142857142857,112,0,0,0,12.307843520853911,0.6413874246996485,0.0022,1,1,-12.307843520853911,-77.63248422271387,28.615687041707822,34.05268478429801,0.8414601356109527,0.9642857142857143,0.9999330583613287,p0002/cdd/p0002_cdd_gain_model_fit.eps
3,p0003,CDD,1.0,0.2321428571428571,112,0,0,0,12.517130565627019,0.6304253653465477,0.0022,1,1,-12.517130565627019,-77.63248422271387,29.034261131254038,34.47125887384423,0.8387642661322342,0.9553571428571429,0.9999211077447132,p0003/cdd/p0003_cdd_gain_model_fit.eps
4,p0004,CDD,1.0,0.2142857142857143,112,0,0,0,15.145989862676815,0.5159067580166766,0.0022,1,1,-15.145989862676815,-77.63248422271387,34.29197972535363,39.72897746794382,0.8049013887121576,0.9553571428571429,0.9995612799164044,p0004/cdd/p0004_cdd_gain_model_fit.eps
5,p0005,CDD,1.0,0.2232142857142857,112,0,0,0,15.606827661438556,0.4993855371452419,0.0022,1,1,-15.606827661438556,-77.63248422271387,35.213655322877116,40.6506530654673,0.7989652422217313,0.9464285714285714,0.999438102208284,p0005/cdd/p0005_cdd_gain_model_fit.eps
6,p0006,CDD,1.0,0.2232142857142857,112,0,0,0,14.86398010569505,0.526464726176775,0.0022,1,1,-14.86398010569505,-77.63248422271387,33.7279602113901,39.16495795398029,0.8085340144075137,0.9642857142857143,0.9996254566587541,p0006/cdd/p0006_cdd_gain_model_fit.eps
7,p0007,CDD,1.0,0.2232142857142857,112,0,0,0,14.863980105695049,0.526464737852601,0.0022,1,1,-14.863980105695049,-77.63248422271387,33.7279602113901,39.164957953980284,0.8085340144075137,0.9642857142857143,0.9996254567242635,p0007/cdd/p0007_cdd_gain_model_fit.eps
8,p0008,CDD,1.0,0.2142857142857143,112,0,0,0,15.145989862676812,0.5159067645057771,0.0022,1,1,-15.145989862676812,-77.63248422271387,34.29197972535363,39.728977467943814,0.8049013887121577,0.9553571428571429,0.9995612799590484,p0008/cdd/p0008_cdd_gain_model_fit.eps
9,p0009,CDD,1.0,0.2142857142857143,112,0,0,0,15.145989862676812,0.5159067609067091,0.0022,1,1,-15.145989862676812,-77.63248422271387,34.29197972535363,39.728977467943814,0.8049013887121577,0.9553571428571429,0.9995612799353967,p0009/cdd/p0009_cdd_gain_model_fit.eps
10,p0010,CDD,1.0,0.25,112,0,0,0,16.7109115648878,0.46313011579012336,0.0022,1,1,-16.7109115648878,-77.63248422271387,37.4218231297756,42.85882087236579,0.7847433103268067,0.9196428571428571,0.9990329729787992,p0010/cdd/p0010_cdd_gain_model_fit.eps
11,p0011,CDD,1.0,0.25,112,0,0,0,11.096538872081481,0.7120235688792498,0.0022,1,1,-11.096538872081481,-77.63248422271387,26.193077744162963,31.63007548675315,0.8570631999840753,0.9553571428571429,0.9999767725514197,p0011/cdd/p0011_cdd_gain_model_fit.eps
12,p0012,CDD,1.0,0.2321428571428571,112,0,0,0,13.165009647168683,0.5984581515954858,0.0022,1,1,-13.165009647168683,-77.63248422271387,30.330019294337365,35.767017036927555,0.8304188023997712,0.9732142857142857,0.999872631455851,p0012/cdd/p0012_cdd_gain_model_fit.eps
13,p0013,CDD,1.0,0.2232142857142857,112,0,0,0,14.863980105695049,0.5264647400646157,0.0022,1,1,-14.863980105695049,-77.63248422271387,33.7279602113901,39.164957953980284,0.8085340144075137,0.9642857142857143,0.9996254567366744,p0013/cdd/p0013_cdd_gain_model_fit.eps
14,p0014,CDD,1.0,0.2142857142857143,112,0,0,0,15.145989862676814,0.5159067568421667,0.0022,1,1,-15.145989862676814,-77.63248422271387,34.29197972535363,39.728977467943814,0.8049013887121576,0.9553571428571429,0.999561279908686,p0014/cdd/p0014_cdd_gain_model_fit.eps
15,p0015,CDD,1.0,0.2142857142857143,112,0,0,0,15.145989862676814,0.5159067717227376,0.0022,1,1,-15.145989862676814,-77.63248422271387,34.29197972535363,39.728977467943814,0.8049013887121576,0.9553571428571429,0.9995612800064756,p0015/cdd/p0015_cdd_gain_model_fit.eps
16,p0016,CDD,1.0,0.2142857142857143,112,0,0,0,15.145989862676815,0.5159067609578334,0.0022,1,1,-15.145989862676815,-77.63248422271387,34.29197972535363,39.72897746794382,0.8049013887121576,0.9553571428571429,0.9995612799357326,p0016/cdd/p0016_cdd_gain_model_fit.eps
17,p0017,CDD,1.0,0.2142857142857143,112,0,0,0,15.145989862676814,0.5159067611580451,0.0022,1,1,-15.145989862676814,-77.63248422271387,34.29197972535363,39.728977467943814,0.8049013887121576,0.9553571428571429,0.9995612799370484,p0017/cdd/p0017_cdd_gain_model_fit.eps
18,p0018,CDD,1.0,0.2142857142857143,112,0,0,0,15.145989862676814,0.5159067714196223,0.0022,1,1,-15.145989862676814,-77.63248422271387,34.29197972535363,39.728977467943814,0.8049013887121576,0.9553571428571429,0.9995612800044836,p0018/cdd/p0018_cdd_gain_model_fit.eps
19,p0019,CDD,1.0,0.2142857142857143,112,0,0,0,15.145989862676814,0.5159067666875137,0.0022,1,1,-15.145989862676814,-77.63248422271387,34.29197972535363,39.728977467943814,0.8049013887121576,0.9553571428571429,0.999561279973386,p0019/cdd/p0019_cdd_gain_model_fit.eps
20,p0020,CDD,1.0,0.25,112,0,0,0,14.399089614700172,0.5446673550835335,0.0022,1,1,-14.399089614700172,-77.63248422271387,32.79817922940035,38.23517697199053,0.814522364460324,0.9553571428571429,0.9997148491615883,p0020/cdd/p0020_cdd_gain_model_fit.eps
21,p0021,CDD,1.0,0.2410714285714286,112,0,0,0,15.500562037654348,0.503117629780935,0.0022,1,1,-15.500562037654348,-77.63248422271387,35.001124075308695,40.43812181789888,0.8003340715828959,0.9464285714285714,0.9994686491113811,p0021/cdd/p0021_cdd_gain_model_fit.eps
22,p0022,CDD,1.0,0.2232142857142857,112,0,0,0,12.307843520853911,0.6413874332885637,0.0022,1,1,-12.307843520853911,-77.63248422271387,28.615687041707822,34.05268478429801,0.8414601356109527,0.9642857142857143,0.9999330583699443,p0022/cdd/p0022_cdd_gain_model_fit.eps
23,p0023,CDD,1.0,0.2321428571428571,112,0,0,0,12.538855981945117,0.629306029439876,0.0022,1,1,-12.538855981945117,-77.63248422271387,29.077711963890234,34.514709706480424,0.8384844165752399,0.9732142857142857,0.9999197733517435,p0023/cdd/p0023_cdd_gain_model_fit.eps
24,p0024,CDD,1.0,0.2142857142857143,112,0,0,0,15.145989862676814,0.5159067648685496,0.0022,1,1,-15.145989862676814,-77.63248422271387,34.29197972535363,39.728977467943814,0.8049013887121576,0.9553571428571429,0.9995612799614324,p0024/cdd/p0024_cdd_gain_model_fit.eps
25,p0025,CDD,1.0,0.2142857142857143,112,0,0,0,15.145989862676815,0.5159067599876395,0.0022,1,1,-15.145989862676815,-77.63248422271387,34.29197972535363,39.72897746794382,0.8049013887121576,0.9553571428571429,0.9995612799293568,p0025/cdd/p0025_cdd_gain_model_fit.eps
26,p0026,CDD,1.0,0.2321428571428571,112,0,0,0,9.353558368225437,0.8425267696397138,0.0022,1,1,-9.353558368225437,-77.63248422271387,22.707116736450875,28.144114479041065,0.8795148904240687,0.9732142857142857,0.999996713982611,p0026/cdd/p0026_cdd_gain_model_fit.eps
27,p0027,CDD,1.0,0.2142857142857143,112,0,0,0,15.145989862676815,0.5159067718349607,0.0022,1,1,-15.145989862676815,-77.63248422271387,34.29197972535363,39.72897746794382,0.8049013887121576,0.9553571428571429,0.9995612800072131,p0027/cdd/p0027_cdd_gain_model_fit.eps
28,p0028,CDD,1.0,0.2142857142857143,112,0,0,0,15.145989862676815,0.5159067664194638,0.0022,1,1,-15.145989862676815,-77.63248422271387,34.29197972535363,39.72897746794382,0.8049013887121576,0.9553571428571429,0.9995612799716245,p0028/cdd/p0028_cdd_gain_model_fit.eps
29,p0029,CDD,1.0,0.2142857142857143,112,0,0,0,15.145989862676815,0.5159067568873267,0.0022,1,1,-15.145989862676815,-77.63248422271387,34.29197972535363,39.72897746794382,0.8049013887121576,0.9553571428571429,0.9995612799089828,p0029/cdd/p0029_cdd_gain_model_fit.eps
30,p0030,CDD,1.0,0.2589285714285714,112,0,0,0,4.969066600155873,1.603592366484854,0.0022,1,1,-4.969066600155873,-77.63248422271387,13.938133200311746,19.375130942901933,0.9359924308759655,0.9821428571428571,0.9999999999633977,p0030/cdd/p0030_cdd_gain_model_fit.eps
31,p0031,CDD,1.0,0.2678571428571429,112,0,0,0,11.98670729364379,0.6588681067818366,0.0022,1,1,-11.98670729364379,-77.63248422271387,27.97341458728758,33.410412329877765,0.8455967574185048,0.9553571428571429,0.9999484848050937,p0031/cdd/p0031_cdd_gain_model_fit.eps
32,p0032,CDD,1.0,0.2321428571428571,112,0,0,0,12.876755686725694,0.6123291347658099,0.0022,1,1,-12.876755686725694,-77.63248422271387,29.75351137345139,35.190509116041575,0.8341318609644829,0.9553571428571429,0.9998965340380159,p0032/cdd/p0032_cdd_gain_model_fit.eps
33,p0033,CDD,1.0,0.2678571428571429,112,0,0,0,3.9924693466773196,2.066246819602445,0.0022,1,1,-3.9924693466773196,-77.63248422271387,11.98493869335464,17.42193643594483,0.9485721810057807,0.9910714285714286,0.9999999999999644,p0033/cdd/p0033_cdd_gain_model_fit.eps
34,p0034,CDD,1.0,0.2410714285714286,112,0,0,0,8.607585843723468,0.9131738302345398,0.0022,1,1,-8.607585843723468,-77.63248422271387,21.215171687446936,26.652169430037127,0.8891239159753045,0.9821428571428571,0.9999988600496782,p0034/cdd/p0034_cdd_gain_model_fit.eps
35,p0035,CDD,1.0,0.25,112,0,0,0,8.903332931972303,0.8840194496327368,0.0022,1,1,-8.903332931972303,-77.63248422271387,21.806665863944605,27.243663606534795,0.8853143368898229,0.9732142857142857,0.9999982354740266,p0035/cdd/p0035_cdd_gain_model_fit.eps
36,p0036,CDD,1.0,0.2321428571428571,112,0,0,0,11.041565886325415,0.7155584213261308,0.0022,1,1,-11.041565886325415,-77.63248422271387,26.08313177265083,31.520129515241017,0.857771318322764,0.9732142857142857,0.9999779709119958,p0036/cdd/p0036_cdd_gain_model_fit.eps
37,p0037,CDD,1.0,0.2321428571428571,112,0,0,0,9.353558368225436,0.8425267710303145,0.0022,1,1,-9.353558368225436,-77.63248422271387,22.70711673645087,28.144114479041058,0.8795148904240687,0.9732142857142857,0.9999967139826795,p0037/cdd/p0037_cdd_gain_model_fit.eps
38,p0038,CDD,1.0,0.2410714285714286,112,0,0,0,6.315340258153593,1.2413669251868524,0.0022,1,1,-6.315340258153593,-77.63248422271387,16.630680516307187,22.067678258897374,0.9186508029288873,0.9821428571428571,0.9999999916643076,p0038/cdd/p0038_cdd_gain_model_fit.eps
39,p0039,CDD,1.0,0.2321428571428571,112,0,0,0,9.353558368225437,0.8425267665581477,0.0022,1,1,-9.353558368225437,-77.63248422271387,22.707116736450875,28.144114479041065,0.8795148904240687,0.9732142857142857,0.9999967139824593,p0039/cdd/p0039_cdd_gain_model_fit.eps
40,p0040,CDD,1.0,0.2767857142857143,112,0,0,0,24.59883313160507,0.2924277342598259,0.0022,1,1,-24.59883313160507,-77.63248422271387,53.19766626321014,58.634664005800325,0.6831373699051628,0.8928571428571429,0.9876566453131255,p0040/cdd/p0040_cdd_gain_model_fit.eps
41,p0041,CDD,1.0,0.25,112,0,0,0,7.110661856508833,1.101676960352548,0.0022,1,1,-7.110661856508833,-77.63248422271387,18.221323713017668,23.658321455607854,0.9084061018051464,0.9732142857142857,0.999999932380615,p0041/cdd/p0041_cdd_gain_model_fit.eps
42,p0042,CDD,1.0,0.2678571428571429,112,0,0,0,9.061700009079322,0.8689701945062642,0.0022,1,1,-9.061700009079322,-77.63248422271387,22.123400018158645,27.560397760748835,0.8832743779899802,0.9732142857142857,0.9999977890885327,p0042/cdd/p0042_cdd_gain_model_fit.eps
43,p0043,CDD,1.0,0.2589285714285714,112,0,0,0,0.6790124844056924,8.0,0.0022,1,1,-0.6790124844056924,-77.63248422271387,5.358024968811385,10.795022711401574,0.9912535005004126,1.0,1.0,p0043/cdd/p0043_cdd_gain_model_fit.eps
44,p0044,CDD,1.0,0.25,112,0,0,0,3.123975490135532,2.759498157619763,0.0022,1,1,-3.123975490135532,-77.63248422271387,10.247950980271064,15.684948722861252,0.9597594290403821,0.9910714285714286,1.0,p0044/cdd/p0044_cdd_gain_model_fit.eps
45,p0045,CDD,1.0,0.2589285714285714,112,0,0,0,0.6790124844056924,8.0,0.0022,1,1,-0.6790124844056924,-77.63248422271387,5.358024968811385,10.795022711401574,0.9912535005004126,1.0,1.0,p0045/cdd/p0045_cdd_gain_model_fit.eps
46,p0046,CDD,1.0,0.2589285714285714,112,0,0,0,0.6790124844056924,8.0,0.0022,1,1,-0.6790124844056924,-77.63248422271387,5.358024968811385,10.795022711401574,0.9912535005004126,1.0,1.0,p0046/cdd/p0046_cdd_gain_model_fit.eps
47,p0047,CDD,1.0,0.2589285714285714,112,0,0,0,0.6790124844056924,8.0,0.0022,1,1,-0.6790124844056924,-77.63248422271387,5.358024968811385,10.795022711401574,0.9912535005004126,1.0,1.0,p0047/cdd/p0047_cdd_gain_model_fit.eps
48,p0048,CDD,1.0,0.2589285714285714,112,0,0,0,0.6790124844056924,8.0,0.0022,1,1,-0.6790124844056924,-77.63248422271387,5.358024968811385,10.795022711401574,0.9912535005004126,1.0,1.0,p0048/cdd/p0048_cdd_gain_model_fit.eps
49,p0049,CDD,1.0,0.2589285714285714,112,0,0,0,0.6790124844056924,8.0,0.0022,1,1,-0.6790124844056924,-77.63248422271387,5.358024968811385,10.795022711401574,0.9912535005004126,1.0,1.0,p0049/cdd/p0049_cdd_gain_model_fit.eps
50,p0050,CDD,1.0,0.3303571428571429,112,0,0,0,15.884856768106191,0.560077110282562,0.005387784427368669,1,0,-15.884856768106191,-77.63248422271387,35.76971353621238,41.20671127880257,0.7953838921019796,0.9553571428571429,0.9999000978695348,p0050/cdd/p0050_cdd_gain_model_fit.eps
51,p0051,CDD,1.0,0.3482142857142857,112,0,0,0,3.6097046898213647,3.1587256005834456,0.005837267706182189,1,0,-3.6097046898213647,-77.63248422271387,11.21940937964273,16.656407122232917,0.9535026512939382,0.9732142857142857,1.0,p0051/cdd/p0051_cdd_gain_model_fit.eps
52,p0052,CDD,1.0,0.3660714285714286,112,0,0,0,7.325388103082449,1.3081490527996391,0.006163464068373796,1,0,-7.325388103082449,-77.63248422271387,18.6507762061649,24.087773948755085,0.905640168849071,0.9642857142857143,0.9999999996666953,p0052/cdd/p0052_cdd_gain_model_fit.eps
53,p0053,CDD,1.0,0.3392857142857143,112,0,0,0,3.1808638958276823,3.857882009982362,0.005937137592069286,1,0,-3.1808638958276823,-77.63248422271387,10.361727791655365,15.798725534245552,0.9590266377834523,0.9821428571428571,1.0,p0053/cdd/p0053_cdd_gain_model_fit.eps
54,p0054,CDD,1.0,0.3482142857142857,112,0,0,0,2.098701916765376,6.7489119522855185,0.006030727882516721,1,0,-2.098701916765376,-77.63248422271387,8.197403833530753,13.63440157612094,0.9729661888605217,0.9910714285714286,1.0,p0054/cdd/p0054_cdd_gain_model_fit.eps
55,p0055,CDD,1.0,0.3392857142857143,112,0,0,0,4.633812517794626,2.2462211300913864,0.006032637005957543,1,0,-4.633812517794626,-77.63248422271387,13.267625035589251,18.70462277817944,0.9403109076800759,0.9821428571428571,0.9999999999999999,p0055/cdd/p0055_cdd_gain_model_fit.eps
56,p0056,CDD,1.0,0.3392857142857143,112,0,0,0,3.1808638958283053,3.8578876092382695,0.0059371380558969,1,0,-3.1808638958283053,-77.63248422271387,10.36172779165661,15.798725534246799,0.9590266377834442,0.9821428571428571,1.0,p0056/cdd/p0056_cdd_gain_model_fit.eps
57,p0057,CDD,1.0,0.3571428571428571,112,0,0,0,5.681324714398121,1.7537203875326564,0.006251385719133575,1,0,-5.681324714398121,-77.63248422271387,15.362649428796242,20.799647171386432,0.9268176875790886,0.9732142857142857,0.9999999999998113,p0057/cdd/p0057_cdd_gain_model_fit.eps
58,p0058,CDD,1.0,0.3482142857142857,112,0,0,0,3.230842566764218,3.345694125965942,0.006295908721504599,1,0,-3.230842566764218,-77.63248422271387,10.461685133528437,15.898682876118624,0.9583828522413955,0.9821428571428571,1.0,p0058/cdd/p0058_cdd_gain_model_fit.eps
59,p0059,CDD,1.0,0.3571428571428571,112,0,0,0,3.8740790578518505,2.74009116964322,0.006522986056919902,1,0,-3.8740790578518505,-77.63248422271387,11.748158115703701,17.18515585829389,0.9500971906716549,0.9910714285714286,1.0,p0059/cdd/p0059_cdd_gain_model_fit.eps
60,p0060,CDD,1.0,0.5446428571428572,112,0,0,0,0.9845855080072078,8.0,0.021857186576305098,1,1,-0.9845855080072078,-77.63248422271387,5.969171016014416,11.406168758604604,0.9873173515202398,1.0,1.0,p0060/cdd/p0060_cdd_gain_model_fit.eps
61,p0061,CDD,1.0,0.5267857142857143,112,0,0,0,10.472360829905217,0.9898234811107869,0.01998289772669442,1,0,-10.472360829905217,-77.63248422271387,24.944721659810433,30.38171940240062,0.8651033657526421,0.9553571428571429,0.9999999885949298,p0061/cdd/p0061_cdd_gain_model_fit.eps
62,p0062,CDD,1.0,0.5446428571428572,112,0,0,0,2.102608324721318,7.994736892015578,0.02129253726748501,1,0,-2.102608324721318,-77.63248422271387,8.205216649442637,13.642214392032823,0.9729158696160063,0.9910714285714286,1.0,p0062/cdd/p0062_cdd_gain_model_fit.eps
63,p0063,CDD,1.0,0.5625,112,0,0,0,7.977919172605152,1.2726647128878823,0.02229712417808908,1,0,-7.977919172605152,-77.63248422271387,19.955838345210303,25.392836087800493,0.8972347819024068,0.9553571428571429,0.9999999999478217,p0063/cdd/p0063_cdd_gain_model_fit.eps
64,p0064,CDD,1.0,0.5446428571428572,112,0,0,0,2.1026083247217104,7.994731085179538,0.021292537731684425,1,0,-2.1026083247217104,-77.63248422271387,8.205216649443422,13.642214392033608,0.9729158696160012,0.9910714285714286,1.0,p0064/cdd/p0064_cdd_gain_model_fit.eps
65,p0065,CDD,1.0,0.5446428571428572,112,0,0,0,0.98458550800721,8.0,0.021857186586851696,1,1,-0.98458550800721,-77.63248422271387,5.96917101601442,11.406168758604608,0.9873173515202398,1.0,1.0,p0065/cdd/p0065_cdd_gain_model_fit.eps
66,p0066,CDD,1.0,0.5357142857142857,112,0,0,0,4.411767516307386,2.4015704123678274,0.02022809844155926,1,0,-4.411767516307386,-77.63248422271387,12.823535032614773,18.26053277520496,0.9431711150238242,0.9821428571428571,1.0,p0066/cdd/p0066_cdd_gain_model_fit.eps
67,p0067,CDD,1.0,0.5357142857142857,112,0,0,0,3.1933384590487783,4.683932910650721,0.02110098306265369,1,0,-3.1933384590487783,-77.63248422271387,10.386676918097557,15.823674660687745,0.9588659503683065,0.9821428571428571,1.0,p0067/cdd/p0067_cdd_gain_model_fit.eps
68,p0068,CDD,1.0,0.5535714285714286,112,0,0,0,0.5739610110087098,8.0,0.02328321577039732,1,1,-0.5739610110087098,-77.63248422271388,5.147922022017419,10.584919764607609,0.9926066901406618,1.0,1.0,p0068/cdd/p0068_cdd_gain_model_fit.eps
69,p0069,CDD,1.0,0.5357142857142857,112,0,0,0,0.9573897347709792,8.0,0.02124625260474978,1,1,-0.9573897347709792,-77.63248422271387,5.914779469541958,11.351777212132147,0.9876676658700706,1.0,1.0,p0069/cdd/p0069_cdd_gain_model_fit.eps
70,p0070,CDD,1.0,0.7321428571428572,112,0,0,0,16.98885786761272,0.4658983772575157,0.0817723236936483,1,0,-16.98885786761272,-77.63248422271387,37.97771573522544,43.414713477815624,0.7811630268216757,0.9375,0.9998895115118648,p0070/cdd/p0070_cdd_gain_model_fit.eps
71,p0071,CDD,1.0,0.7410714285714286,112,0,0,0,9.265019359249296,0.7899338572161362,0.07575644460757533,1,0,-9.265019359249296,-77.63248422271387,22.53003871849859,27.96703646108878,0.8806553796131321,0.9553571428571429,0.9999997991841735,p0071/cdd/p0071_cdd_gain_model_fit.eps
72,p0072,CDD,1.0,0.7232142857142857,112,0,0,0,7.126515815644511,1.0777483861503119,0.0683069334498914,1,0,-7.126515815644511,-77.63248422271387,18.253031631289023,23.690029373879213,0.908201883696008,0.9642857142857143,0.9999999992322285,p0072/cdd/p0072_cdd_gain_model_fit.eps
73,p0073,CDD,1.0,0.7410714285714286,112,0,0,0,0.9360774360834377,8.0,0.07265936460527071,1,1,-0.9360774360834377,-77.63248422271387,5.872154872166876,11.309152614757064,0.9879421939738783,1.0,1.0,p0073/cdd/p0073_cdd_gain_model_fit.eps
74,p0074,CDD,1.0,0.7678571428571428,112,0,0,0,0.008143162512599203,8.0,0.0941651979441093,1,1,-0.008143162512599203,-77.63248422271387,4.016286325025199,9.453284067615387,0.9998951062484457,1.0,1.0,p0074/cdd/p0074_cdd_gain_model_fit.eps
75,p0075,CDD,1.0,0.7410714285714286,112,0,0,0,0.9360774360834391,8.0,0.07265936447824256,1,1,-0.9360774360834391,-77.63248422271387,5.872154872166878,11.309152614757066,0.9879421939738783,1.0,1.0,p0075/cdd/p0075_cdd_gain_model_fit.eps
76,p0076,CDD,1.0,0.7410714285714286,112,0,0,0,0.9360774360834384,8.0,0.07265936457859073,1,1,-0.9360774360834384,-77.63248422271387,5.872154872166877,11.309152614757066,0.9879421939738783,1.0,1.0,p0076/cdd/p0076_cdd_gain_model_fit.eps
77,p0077,CDD,1.0,0.75,112,0,0,0,2.0819114098305596,3.575663865185852,0.07765423992039336,1,0,-2.0819114098305596,-77.63248422271387,8.16382281966112,13.600820562251307,0.9731824708345295,0.9910714285714286,1.0,p0077/cdd/p0077_cdd_gain_model_fit.eps
78,p0078,CDD,1.0,0.7589285714285714,112,0,0,0,0.059326703375205396,8.0,0.08124232571006099,1,1,-0.059326703375205396,-77.63248422271387,4.11865340675041,9.5556511493406,0.9992358005290027,1.0,1.0,p0078/cdd/p0078_cdd_gain_model_fit.eps
79,p0079,CDD,1.0,0.7410714285714286,112,0,0,0,2.1013098592634942,5.508945101377706,0.07228197495285008,1,0,-2.1013098592634942,-77.63248422271387,8.20261971852699,13.639617461117176,0.9729325954166917,0.9821428571428571,1.0,p0079/cdd/p0079_cdd_gain_model_fit.eps
80,p0080,CDD,1.0,0.8660714285714286,112,0,0,0,5.2137193448452335,0.8977254401771013,0.2642121363245167,1,0,-5.2137193448452335,-77.63248422271387,14.427438689690467,19.864436432280655,0.9328410085411154,0.9642857142857143,0.999999981858868,p0080/cdd/p0080_cdd_gain_model_fit.eps
81,p0081,CDD,1.0,0.875,112,0,0,0,0.2572950109009928,8.0,0.275748056373007,1,1,-0.2572950109009928,-77.63248422271387,4.514590021801986,9.951587764392174,0.9966857300332828,1.0,1.0,p0081/cdd/p0081_cdd_gain_model_fit.eps
82,p0082,CDD,1.0,0.8839285714285714,112,0,0,0,4.811471750628895,0.9200287721542704,0.32713409316433745,1,0,-4.811471750628895,-77.63248422271387,13.62294350125779,19.05994124384798,0.9380224425534853,0.9732142857142857,0.9999999886364748,p0082/cdd/p0082_cdd_gain_model_fit.eps
83,p0083,CDD,1.0,0.8839285714285714,112,0,0,0,0.027659986066850464,8.0,0.3080703194019724,1,1,-0.027659986066850464,-77.63248422271387,4.0553199721337005,9.492317714723889,0.999643706029199,1.0,1.0,p0083/cdd/p0083_cdd_gain_model_fit.eps
84,p0084,CDD,1.0,0.875,112,0,0,0,0.25729501090099144,8.0,0.2757480571150143,1,1,-0.25729501090099144,-77.63248422271387,4.5145900218019825,9.95158776439217,0.9966857300332828,1.0,1.0,p0084/cdd/p0084_cdd_gain_model_fit.eps
85,p0085,CDD,1.0,0.8660714285714286,112,0,0,0,0.2862784817379847,8.0,0.2584348113954266,1,1,-0.2862784817379847,-77.63248422271387,4.57255696347597,10.009554706066158,0.9963123879828873,1.0,1.0,p0085/cdd/p0085_cdd_gain_model_fit.eps
86,p0086,CDD,1.0,0.875,112,0,0,0,0.2572950109009911,8.0,0.27574805712250344,1,1,-0.2572950109009911,-77.63248422271387,4.5145900218019825,9.95158776439217,0.9966857300332828,1.0,1.0,p0086/cdd/p0086_cdd_gain_model_fit.eps
87,p0087,CDD,1.0,0.8839285714285714,112,0,0,0,0.027659986066850387,8.0,0.30807031907022137,1,1,-0.027659986066850387,-77.63248422271387,4.0553199721337005,9.492317714723889,0.999643706029199,1.0,1.0,p0087/cdd/p0087_cdd_gain_model_fit.eps
88,p0088,CDD,1.0,0.875,112,0,0,0,0.25729501090099277,8.0,0.27574805733530633,1,1,-0.25729501090099277,-77.63248422271387,4.514590021801985,9.951587764392174,0.9966857300332828,1.0,1.0,p0088/cdd/p0088_cdd_gain_model_fit.eps
89,p0089,CDD,1.0,0.875,112,0,0,0,0.2572950109009924,8.0,0.27574805755039505,1,1,-0.2572950109009924,-77.63248422271387,4.514590021801984,9.951587764392173,0.9966857300332828,1.0,1.0,p0089/cdd/p0089_cdd_gain_model_fit.eps
90,p0090,CDD,1.0,0.9375,112,0,0,0,10.200643442288865,0.4317818044891192,0.9154317142099117,1,0,-10.200643442288865,-77.63248422271387,24.40128688457773,29.838284627167916,0.8686034133208334,0.9642857142857143,0.9961216514915369,p0090/cdd/p0090_cdd_gain_model_fit.eps
91,p0091,CDD,1.0,0.9553571428571429,112,0,0,0,2.7964907243592814,0.9046775124749263,0.9094165515806355,1,0,-2.7964907243592814,-77.63248422271387,9.592981448718563,15.029979191308751,0.96397782767924,0.9821428571428571,0.9999925880263206,p0091/cdd/p0091_cdd_gain_model_fit.eps
92,p0092,CDD,1.0,0.9642857142857143,112,0,0,0,0.027471345464737562,8.0,1.0781820803179132,1,1,-0.027471345464737562,-77.63248422271387,4.054942690929475,9.491940433519664,0.9996461359476024,1.0,1.0,p0092/cdd/p0092_cdd_gain_model_fit.eps
93,p0093,CDD,1.0,0.9553571428571429,112,0,0,0,0.0015651304434713981,8.0,0.8777921659298801,1,1,-0.0015651304434713981,-77.63248422271387,4.003130260886943,9.440128003477131,0.9999798392327756,1.0,1.0,p0093/cdd/p0093_cdd_gain_model_fit.eps
94,p0094,CDD,1.0,0.9553571428571429,112,0,0,0,0.0015651304434713446,8.0,0.8777921675815933,1,1,-0.0015651304434713446,-77.63248422271387,4.003130260886943,9.440128003477131,0.9999798392327756,1.0,1.0,p0094/cdd/p0094_cdd_gain_model_fit.eps
95,p0095,CDD,1.0,0.9553571428571429,112,0,0,0,0.001565130443471398,8.0,0.8777921644706427,1,1,-0.001565130443471398,-77.63248422271387,4.003130260886943,9.440128003477131,0.9999798392327756,1.0,1.0,p0095/cdd/p0095_cdd_gain_model_fit.eps
96,p0096,CDD,1.0,0.9553571428571429,112,0,0,0,0.0015651304434713827,8.0,0.8777921672000021,1,1,-0.0015651304434713827,-77.63248422271387,4.003130260886943,9.440128003477131,0.9999798392327756,1.0,1.0,p0096/cdd/p0096_cdd_gain_model_fit.eps
97,p0097,CDD,1.0,0.9553571428571429,112,0,0,0,0.0015651304434713997,8.0,0.8777921671976365,1,1,-0.0015651304434713997,-77.63248422271387,4.003130260886943,9.440128003477131,0.9999798392327756,1.0,1.0,p0097/cdd/p0097_cdd_gain_model_fit.eps
98,p0098,CDD,1.0,0.9553571428571429,112,0,0,0,0.0015651304434713949,8.0,0.8777921674374183,1,1,-0.0015651304434713949,-77.63248422271387,4.003130260886943,9.440128003477131,0.9999798392327756,1.0,1.0,p0098/cdd/p0098_cdd_gain_model_fit.eps
99,p0099,CDD,1.0,0.9642857142857143,112,0,0,0,0.027471345464737635,8.0,1.0781820794858292,1,1,-0.027471345464737635,-77.63248422271387,4.054942690929475,9.491940433519664,0.9996461359476024,1.0,1.0,p0099/cdd/p0099_cdd_gain_model_fit.eps
